algorithm,time_elapsed,coverage_type,mean,std,min,max,sample_size
confuzzius,2.0,code,79.40627000586645,20.073279452179936,15.054282267792521,99.8330550918197,103
confuzzius,2.0,branch,79.30095828179931,17.09999874508308,0.0,100.0,103
confuzzius,4.0,code,80.70791476517824,19.552965644832394,33.358098068350664,99.8330550918197,105
confuzzius,4.0,branch,80.50761725427931,17.09251298400854,0.0,100.0,105
confuzzius,6.0,code,81.28013192979033,19.568768034174756,33.358098068350664,99.8330550918197,105
confuzzius,6.0,branch,80.94265487021757,17.247647980648843,0.0,100.0,105
confuzzius,8.0,code,81.31642035085753,19.554281661722083,33.358098068350664,99.8330550918197,105
confuzzius,8.0,branch,81.10910627287035,17.273418245898544,0.0,100.0,105
confuzzius,10.0,code,81.7842063555219,19.61643704710123,33.47484610486096,99.8330550918197,105
confuzzius,10.0,branch,81.47518060531863,17.30559018967255,0.0,100.0,105
confuzzius,12.0,code,81.96287706362962,19.549570512026392,33.47484610486096,99.8330550918197,105
confuzzius,12.0,branch,81.63205891219694,17.239177260221403,0.0,100.0,105
confuzzius,14.0,code,81.99462375949895,19.483159968314126,33.47484610486096,99.8330550918197,105
confuzzius,14.0,branch,81.6875242801623,17.20820845118194,0.0,100.0,105
confuzzius,16.0,code,82.49796274180764,19.010862664994427,33.47484610486096,99.8330550918197,105
confuzzius,16.0,branch,82.0044692399644,16.992261440923407,0.0,100.0,105
confuzzius,18.0,code,82.82325914732125,19.05694728604846,33.47484610486096,99.8330550918197,105
confuzzius,18.0,branch,82.31881455838867,16.998061244186193,0.0,100.0,105
confuzzius,20.0,code,82.90678556692988,19.008478225895864,33.47484610486096,99.8330550918197,105
confuzzius,20.0,branch,82.46432083782352,17.025914668368458,0.0,100.0,105
confuzzius,22.0,code,83.01948514815194,18.95381675504128,33.47484610486096,99.8330550918197,106
confuzzius,22.0,branch,82.51182724501386,16.952404159250513,0.0,100.0,106
confuzzius,24.0,code,82.91100921116612,18.998735896590752,33.47484610486096,99.8330550918197,107
confuzzius,24.0,branch,82.31957817235569,17.166200204035388,0.0,100.0,107
confuzzius,26.0,code,83.07941857546703,19.04322296880382,33.47484610486096,99.8330550918197,107
confuzzius,26.0,branch,82.5119915863194,17.18197216002781,0.0,100.0,107
confuzzius,28.0,code,83.21246121909476,19.097200756331528,33.47484610486096,99.8330550918197,107
confuzzius,28.0,branch,82.67741514251398,17.197114835619786,0.0,100.0,107
confuzzius,30.0,code,83.47810464775188,18.850102800156325,33.47484610486096,99.8330550918197,107
confuzzius,30.0,branch,82.87697972202866,17.180866894709702,0.0,100.0,107
confuzzius,32.0,code,83.67235709811636,18.77196963458973,33.47484610486096,99.8330550918197,107
confuzzius,32.0,branch,83.01953694808853,17.137642306735753,0.0,100.0,107
confuzzius,34.0,code,83.71434604554028,18.794251598408536,33.750796009339844,99.8330550918197,107
confuzzius,34.0,branch,83.0860048823457,17.166151424006827,0.0,100.0,107
confuzzius,36.0,code,84.11542969126084,18.686171200653913,33.750796009339844,99.8330550918197,107
confuzzius,36.0,branch,83.34530486402063,17.13916997682661,0.0,100.0,107
confuzzius,38.0,code,84.13286790820314,18.649201668265206,33.750796009339844,99.8330550918197,107
confuzzius,38.0,branch,83.38125022706879,17.073104247417664,0.0,100.0,107
confuzzius,40.0,code,84.13286790820314,18.649201668265206,33.750796009339844,99.8330550918197,107
confuzzius,40.0,branch,83.38125022706879,17.073104247417664,0.0,100.0,107
confuzzius,42.0,code,84.16973067030823,18.62065745555683,33.750796009339844,99.8330550918197,107
confuzzius,42.0,branch,83.47950088606711,17.04681113108866,0.0,100.0,107
confuzzius,44.0,code,84.16973067030823,18.62065745555683,33.750796009339844,99.8330550918197,107
confuzzius,44.0,branch,83.47950088606711,17.04681113108866,0.0,100.0,107
confuzzius,46.0,code,84.22676835001371,18.643441787474828,33.750796009339844,99.8330550918197,107
confuzzius,46.0,branch,83.61924276412675,17.04316338207438,0.0,100.0,107
confuzzius,48.0,code,84.30019755323089,18.655197148622182,33.750796009339844,99.8330550918197,107
confuzzius,48.0,branch,83.7594296800146,17.056223952376047,0.0,100.0,107
confuzzius,50.0,code,84.3453462061901,18.62125048840146,33.750796009339844,99.8330550918197,107
confuzzius,50.0,branch,83.831470178457,16.99743851775989,0.0,100.0,107
confuzzius,52.0,code,84.38220896829516,18.59224208887803,33.750796009339844,99.8330550918197,107
confuzzius,52.0,branch,83.89377547440712,16.946547923672686,0.0,100.0,107
confuzzius,54.0,code,84.38250654188015,18.59143195495219,33.78263638293356,99.8330550918197,107
confuzzius,54.0,branch,83.89511826095779,16.943389489682076,0.0,100.0,107
confuzzius,56.0,code,84.52442236539231,18.336306816516377,33.78263638293356,99.8330550918197,107
confuzzius,56.0,branch,83.981112549639,16.913851609275202,0.0,100.0,107
confuzzius,58.0,code,84.52442236539231,18.336306816516377,33.78263638293356,99.8330550918197,107
confuzzius,58.0,branch,83.981112549639,16.913851609275202,0.0,100.0,107
confuzzius,60.0,code,84.53955725509681,18.310012882704,33.78263638293356,99.8330550918197,107
confuzzius,60.0,branch,84.01031815711562,16.876693556810853,0.0,100.0,107
confuzzius,62.0,code,84.55524563896914,18.322324212264327,33.78263638293356,99.8330550918197,107
confuzzius,62.0,branch,84.04626352016378,16.90658900496405,0.0,100.0,107
confuzzius,64.0,code,84.6043532613929,18.327564619325596,33.78263638293356,99.8330550918197,107
confuzzius,64.0,branch,84.08087757346942,16.908885209869194,0.0,100.0,107
confuzzius,66.0,code,84.66396222764838,18.31464635927503,33.78263638293356,99.8330550918197,107
confuzzius,66.0,branch,84.2188393002162,16.861612030219842,0.0,100.0,107
confuzzius,68.0,code,84.68761561385904,18.292600421519122,33.78263638293356,99.8330550918197,107
confuzzius,68.0,branch,84.26459475192958,16.827704030331923,0.0,100.0,107
confuzzius,70.0,code,84.9968229699275,18.320897833477886,33.78263638293356,99.8330550918197,107
confuzzius,70.0,branch,84.52420015172191,16.79587735676501,0.0,100.0,107
confuzzius,72.0,code,85.020122734341,18.336961952404835,33.78263638293356,99.8330550918197,107
confuzzius,72.0,branch,84.58261136667518,16.806121637149086,0.0,100.0,107
confuzzius,74.0,code,85.020122734341,18.336961952404835,33.78263638293356,99.8330550918197,107
confuzzius,74.0,branch,84.58261136667518,16.806121637149086,0.0,100.0,107
confuzzius,76.0,code,85.020122734341,18.336961952404835,33.78263638293356,99.8330550918197,107
confuzzius,76.0,branch,84.58261136667518,16.806121637149086,0.0,100.0,107
confuzzius,78.0,code,85.04876383164462,18.290179881054243,33.78263638293356,99.8330550918197,107
confuzzius,78.0,branch,84.59478036979046,16.79202619375606,0.0,100.0,107
confuzzius,80.0,code,85.19513699383675,18.059821223790905,33.78263638293356,99.8330550918197,107
confuzzius,80.0,branch,84.71803649873532,16.71028639215284,0.0,100.0,107
confuzzius,82.0,code,85.19513699383675,18.059821223790905,33.78263638293356,99.8330550918197,107
confuzzius,82.0,branch,84.71803649873532,16.71028639215284,0.0,100.0,107
confuzzius,84.0,code,85.19513699383675,18.059821223790905,33.78263638293356,99.8330550918197,107
confuzzius,84.0,branch,84.71803649873532,16.71028639215284,0.0,100.0,107
confuzzius,86.0,code,85.19513699383675,18.059821223790905,33.78263638293356,99.8330550918197,107
confuzzius,86.0,branch,84.71803649873532,16.71028639215284,0.0,100.0,107
confuzzius,88.0,code,85.19513699383675,18.059821223790905,33.78263638293356,99.8330550918197,107
confuzzius,88.0,branch,84.71803649873532,16.71028639215284,0.0,100.0,107
confuzzius,90.0,code,85.29960960833778,17.964184234667538,33.78263638293356,99.8330550918197,107
confuzzius,90.0,branch,84.81623506300458,16.757849056650432,0.0,100.0,107
confuzzius,92.0,code,85.31529799221012,17.975441212700527,33.78263638293356,99.8330550918197,107
confuzzius,92.0,branch,84.85218042605275,16.777992449442053,0.0,100.0,107
confuzzius,94.0,code,85.61332177624415,17.688008009056755,33.78263638293356,99.8330550918197,107
confuzzius,94.0,branch,84.9796230768599,16.702503196372604,0.0,100.0,107
confuzzius,96.0,code,85.61332177624415,17.688008009056755,33.78263638293356,99.8330550918197,107
confuzzius,96.0,branch,85.01077572483496,16.64646368599299,0.0,100.0,107
confuzzius,98.0,code,85.65091479491228,17.652821562995307,33.78263638293356,99.8330550918197,107
confuzzius,98.0,branch,85.05459483407463,16.609049427896007,0.0,100.0,107
confuzzius,100.0,code,85.80701157491588,17.63889085484363,33.78263638293356,99.8330550918197,107
confuzzius,100.0,branch,85.17920542597496,16.595662694506473,0.0,100.0,107
confuzzius,102.0,code,85.98045553708658,17.648341231457874,33.78263638293356,99.8330550918197,107
confuzzius,102.0,branch,85.33496866585033,16.561929514650817,0.0,100.0,107
confuzzius,104.0,code,85.98045553708658,17.648341231457874,33.78263638293356,99.8330550918197,107
confuzzius,104.0,branch,85.33496866585033,16.561929514650817,0.0,100.0,107
confuzzius,106.0,code,86.03419045389948,17.59969087956746,33.78263638293356,99.8330550918197,107
confuzzius,106.0,branch,85.38576102667926,16.561824390397735,0.0,100.0,107
confuzzius,108.0,code,86.35276957449837,17.63954490872787,33.78263638293356,99.8330550918197,107
confuzzius,108.0,branch,85.84173223615514,16.44985276185476,0.0,100.0,107
confuzzius,110.0,code,86.41210795159374,17.60843607565029,33.78263638293356,99.8330550918197,107
confuzzius,110.0,branch,85.91362296225147,16.444335242520282,0.0,100.0,107
confuzzius,112.0,code,86.44232700286294,17.538405277508986,33.78263638293356,99.8330550918197,107
confuzzius,112.0,branch,85.96672406675445,16.38136619794354,0.0,100.0,107
confuzzius,114.0,code,86.45528156934762,17.546730704434076,33.78263638293356,99.8330550918197,107
confuzzius,114.0,branch,85.9942116973207,16.397479929352144,0.0,100.0,107
confuzzius,116.0,code,86.46612355820207,17.539109961029272,33.78263638293356,99.8330550918197,107
confuzzius,116.0,branch,86.02536434529577,16.382889374354093,0.0,100.0,107
confuzzius,118.0,code,86.54745805784142,17.571574402632635,33.78263638293356,99.8330550918197,107
confuzzius,118.0,branch,86.0599783986014,16.38890180890794,0.0,100.0,107
confuzzius,120.0,code,86.54745805784142,17.571574402632635,33.78263638293356,99.8330550918197,107
confuzzius,120.0,branch,86.0599783986014,16.38890180890794,0.0,100.0,107
collaborative,2.0,code,77.04975948778497,20.369032786217623,15.054282267792521,99.8330550918197,102
collaborative,2.0,branch,79.62698966787207,16.998760233159466,0.0,100.0,102
collaborative,4.0,code,77.37611475727591,20.9042075738495,15.054282267792521,99.8330550918197,105
collaborative,4.0,branch,79.60475302179275,17.555485569292422,0.0,100.0,105
collaborative,6.0,code,80.35144448838844,20.139377525021587,15.054282267792521,99.8330550918197,107
collaborative,6.0,branch,81.04890693128236,17.294192105999247,0.0,100.0,107
collaborative,8.0,code,84.67903585400315,18.485773508850876,31.946508172362552,99.8330550918197,107
collaborative,8.0,branch,84.01851403237944,16.636730330955604,0.0,100.0,107
collaborative,10.0,code,85.06931299605654,18.429773169092744,31.946508172362552,99.8330550918197,107
collaborative,10.0,branch,84.35465782570247,16.66462780291537,0.0,100.0,107
collaborative,12.0,code,85.32297627468385,18.086147523900106,31.946508172362552,99.8330550918197,107
collaborative,12.0,branch,84.64511701942762,16.589789645426414,0.0,100.0,107
collaborative,14.0,code,85.43392579505058,18.034937774756795,31.946508172362552,99.8330550918197,107
collaborative,14.0,branch,84.8960970843508,16.61012492401451,0.0,100.0,107
collaborative,16.0,code,85.46762699824379,18.023354804690715,31.946508172362552,99.8330550918197,107
collaborative,16.0,branch,84.9539182870318,16.617925234814663,0.0,100.0,107
collaborative,18.0,code,86.08396800741158,17.79001934962879,33.67650180428784,99.8330550918197,107
collaborative,18.0,branch,85.54141403062648,16.45209279905032,0.0,100.0,107
collaborative,20.0,code,86.16089824342772,17.836399056748565,33.67650180428784,99.8330550918197,107
collaborative,20.0,branch,85.69814544173875,16.536277498776876,0.0,100.0,107
collaborative,22.0,code,86.23535017834865,17.855466187002985,33.67650180428784,99.8330550918197,107
collaborative,22.0,branch,85.90525920025436,16.52845189900513,0.0,100.0,107
collaborative,24.0,code,86.49169471697455,17.580534175625715,33.67650180428784,99.8330550918197,107
collaborative,24.0,branch,86.30816678073204,16.144260088141415,0.0,100.0,107
collaborative,26.0,code,86.5394061944837,17.57078475121501,33.67650180428784,99.8330550918197,107
collaborative,26.0,branch,86.41386326493321,16.100406465360965,0.0,100.0,107
collaborative,28.0,code,86.93402804003871,17.322395413851524,33.67650180428784,99.8330550918197,107
collaborative,28.0,branch,86.71585354405676,15.869368630647989,0.0,100.0,107
collaborative,30.0,code,87.02984307864689,17.360433943263857,33.67650180428784,99.8330550918197,107
collaborative,30.0,branch,86.9103157255161,15.851491988816102,0.0,100.0,107
collaborative,32.0,code,87.14938141176347,17.41139343783271,33.67650180428784,99.8330550918197,107
collaborative,32.0,branch,87.17511323330426,15.87058354200027,0.0,100.0,107
collaborative,34.0,code,87.6229600030631,17.074843229959736,33.67650180428784,99.8330550918197,107
collaborative,34.0,branch,87.34966582771186,15.827734690937127,0.0,100.0,107
collaborative,36.0,code,87.68239731974367,17.087102690498472,33.67650180428784,99.8330550918197,107
collaborative,36.0,branch,87.49584363744107,15.87340501651413,0.0,100.0,107
collaborative,38.0,code,87.69336550995205,17.061494457358325,34.17533432392273,99.8330550918197,107
collaborative,38.0,branch,87.52118873358458,15.83054590109057,0.0,100.0,107
collaborative,40.0,code,87.69336550995205,17.061494457358325,34.17533432392273,99.8330550918197,107
collaborative,40.0,branch,87.55456657070073,15.822934047011325,0.0,100.0,107
collaborative,42.0,code,87.70425218800784,17.057178909344877,34.17533432392273,99.8330550918197,107
collaborative,42.0,branch,87.57155892414168,15.818716576820238,0.0,100.0,107
collaborative,44.0,code,87.70425218800784,17.057178909344877,34.17533432392273,99.8330550918197,107
collaborative,44.0,branch,87.57155892414168,15.818716576820238,0.0,100.0,107
collaborative,46.0,code,87.70425218800784,17.057178909344877,34.17533432392273,99.8330550918197,107
collaborative,46.0,branch,87.57155892414168,15.818716576820238,0.0,100.0,107
collaborative,48.0,code,87.7431158874619,17.079946003009148,34.17533432392273,99.8330550918197,107
collaborative,48.0,branch,87.65402181584042,15.86023803856116,0.0,100.0,107
collaborative,50.0,code,87.82208676082529,17.103881944297704,34.17533432392273,99.8330550918197,107
collaborative,50.0,branch,87.85897344725541,15.838477197250104,0.0,100.0,107
collaborative,52.0,code,87.82208676082529,17.103881944297704,34.17533432392273,99.8330550918197,107
collaborative,52.0,branch,87.85897344725541,15.838477197250104,0.0,100.0,107
collaborative,54.0,code,87.83713118256699,17.10960211340319,34.17533432392273,99.8330550918197,107
collaborative,54.0,branch,87.8949936964766,15.841573191041276,0.0,100.0,107
collaborative,56.0,code,87.9375608632695,17.08371172222723,34.17533432392273,99.8330550918197,107
collaborative,56.0,branch,88.09711504345773,15.885548437494608,0.0,100.0,107
collaborative,58.0,code,87.98109299152895,17.087336605815885,34.17533432392273,99.8330550918197,107
collaborative,58.0,branch,88.16660941201754,15.902782040409008,0.0,100.0,107
collaborative,60.0,code,88.14244846297544,16.795609546907784,34.17533432392273,99.8330550918197,107
collaborative,60.0,branch,88.22988822821691,15.8366564395473,0.0,100.0,107
collaborative,62.0,code,88.14244846297544,16.795609546907784,34.17533432392273,99.8330550918197,107
collaborative,62.0,branch,88.22988822821691,15.8366564395473,0.0,100.0,107
collaborative,64.0,code,88.14244846297544,16.795609546907784,34.17533432392273,99.8330550918197,107
collaborative,64.0,branch,88.22988822821691,15.8366564395473,0.0,100.0,107
collaborative,66.0,code,88.14244846297544,16.795609546907784,34.17533432392273,99.8330550918197,107
collaborative,66.0,branch,88.22988822821691,15.8366564395473,0.0,100.0,107
collaborative,68.0,code,88.14244846297544,16.795609546907784,34.17533432392273,99.8330550918197,107
collaborative,68.0,branch,88.22988822821691,15.8366564395473,0.0,100.0,107
collaborative,70.0,code,88.14244846297544,16.795609546907784,34.17533432392273,99.8330550918197,107
collaborative,70.0,branch,88.22988822821691,15.8366564395473,0.0,100.0,107
collaborative,72.0,code,88.14244846297544,16.795609546907784,34.17533432392273,99.8330550918197,107
collaborative,72.0,branch,88.22988822821691,15.8366564395473,0.0,100.0,107
collaborative,74.0,code,88.14244846297544,16.795609546907784,34.17533432392273,99.8330550918197,107
collaborative,74.0,branch,88.22988822821691,15.8366564395473,0.0,100.0,107
collaborative,76.0,code,88.32169831923734,16.66203499788936,34.17533432392273,99.8330550918197,107
collaborative,76.0,branch,88.33082280765616,15.65150580959343,0.0,100.0,107
collaborative,78.0,code,88.32169831923734,16.66203499788936,34.17533432392273,99.8330550918197,107
collaborative,78.0,branch,88.33082280765616,15.65150580959343,0.0,100.0,107
collaborative,80.0,code,88.32169831923734,16.66203499788936,34.17533432392273,99.8330550918197,107
collaborative,80.0,branch,88.33082280765616,15.65150580959343,0.0,100.0,107
collaborative,82.0,code,88.32169831923734,16.66203499788936,34.17533432392273,99.8330550918197,107
collaborative,82.0,branch,88.33082280765616,15.65150580959343,0.0,100.0,107
collaborative,84.0,code,88.3571218947574,16.669477599186987,34.17533432392273,99.8330550918197,107
collaborative,84.0,branch,88.37836093930646,15.669760770239943,0.0,100.0,107
collaborative,86.0,code,88.43532937921367,16.703272395023067,34.17533432392273,99.8330550918197,107
collaborative,86.0,branch,88.45624255924415,15.706576574896957,0.0,100.0,107
collaborative,88.0,code,88.43532937921367,16.703272395023067,34.17533432392273,99.8330550918197,107
collaborative,88.0,branch,88.45624255924415,15.706576574896957,0.0,100.0,107
collaborative,90.0,code,88.43532937921367,16.703272395023067,34.17533432392273,99.8330550918197,107
collaborative,90.0,branch,88.45624255924415,15.706576574896957,0.0,100.0,107
collaborative,92.0,code,88.43532937921367,16.703272395023067,34.17533432392273,99.8330550918197,107
collaborative,92.0,branch,88.48739520721922,15.712912003819167,0.0,100.0,107
collaborative,94.0,code,88.43532937921367,16.703272395023067,34.17533432392273,99.8330550918197,107
collaborative,94.0,branch,88.48739520721922,15.712912003819167,0.0,100.0,107
collaborative,96.0,code,88.43532937921367,16.703272395023067,34.17533432392273,99.8330550918197,107
collaborative,96.0,branch,88.50771215155079,15.720755592893111,0.0,100.0,107
collaborative,98.0,code,88.46020411714053,16.714243883463464,34.17533432392273,99.8330550918197,107
collaborative,98.0,branch,88.5744678257831,15.734022256514361,0.0,100.0,107
collaborative,100.0,code,88.46020411714053,16.714243883463464,34.17533432392273,99.8330550918197,107
collaborative,100.0,branch,88.62119679774572,15.760438910674711,0.0,100.0,107
collaborative,102.0,code,88.46020411714053,16.714243883463464,34.17533432392273,99.8330550918197,107
collaborative,102.0,branch,88.62119679774572,15.760438910674711,0.0,100.0,107
collaborative,104.0,code,88.46020411714053,16.714243883463464,34.17533432392273,99.8330550918197,107
collaborative,104.0,branch,88.62119679774572,15.760438910674711,0.0,100.0,107
collaborative,106.0,code,88.47623280635707,16.693568642023685,34.17533432392273,99.8330550918197,107
collaborative,106.0,branch,88.62606439899182,15.756311150251433,0.0,100.0,107
collaborative,108.0,code,88.47623280635707,16.693568642023685,34.17533432392273,99.8330550918197,107
collaborative,108.0,branch,88.62606439899182,15.756311150251433,0.0,100.0,107
collaborative,110.0,code,88.49038300891935,16.699664383651875,34.17533432392273,99.8330550918197,107
collaborative,110.0,branch,88.66137073336358,15.75684586915233,0.0,100.0,107
collaborative,112.0,code,88.49038300891935,16.699664383651875,34.17533432392273,99.8330550918197,107
collaborative,112.0,branch,88.66137073336358,15.75684586915233,0.0,100.0,107
collaborative,114.0,code,88.49038300891935,16.699664383651875,34.17533432392273,99.8330550918197,107
collaborative,114.0,branch,88.66137073336358,15.75684586915233,0.0,100.0,107
collaborative,116.0,code,88.49038300891935,16.699664383651875,34.17533432392273,99.8330550918197,107
collaborative,116.0,branch,88.66137073336358,15.75684586915233,0.0,100.0,107
collaborative,118.0,code,88.49038300891935,16.699664383651875,34.17533432392273,99.8330550918197,107
collaborative,118.0,branch,88.66137073336358,15.75684586915233,0.0,100.0,107
collaborative,120.0,code,88.49038300891935,16.699664383651875,34.17533432392273,99.8330550918197,107
collaborative,120.0,branch,88.66137073336358,15.75684586915233,0.0,100.0,107
